Datetime,Water Level (m)
2025-10-13 18:00:00,-0.20988084
2025-10-13 19:00:00,0.070187315
2025-10-13 20:00:00,0.3086285
2025-10-13 21:00:00,0.51872385
2025-10-13 22:00:00,0.6673325
2025-10-13 23:00:00,0.72697353
2025-10-14 00:00:00,0.6866687
2025-10-14 01:00:00,0.5288064
2025-10-14 02:00:00,0.2957741
2025-10-14 03:00:00,0.10656256
2025-10-14 04:00:00,-0.022798883
2025-10-14 05:00:00,-0.11061384
2025-10-14 06:00:00,-0.16277249
2025-10-14 07:00:00,-0.1343609
2025-10-14 08:00:00,0.035897184
2025-10-14 09:00:00,0.26207158
2025-10-14 10:00:00,0.40067726
2025-10-14 11:00:00,0.44854444
2025-10-14 12:00:00,0.43646082
2025-10-14 13:00:00,0.37968698
2025-10-14 14:00:00,0.2615526
2025-10-14 15:00:00,0.095660515
2025-10-14 16:00:00,-0.056616917
2025-10-14 17:00:00,-0.16737162
2025-10-14 18:00:00,-0.22086686
2025-10-14 19:00:00,-0.19315983
2025-10-14 20:00:00,0.0035975764
2025-10-14 21:00:00,0.29722586
2025-10-14 22:00:00,0.5288378
2025-10-14 23:00:00,0.663417
2025-10-15 00:00:00,0.706462
2025-10-15 01:00:00,0.69017494
2025-10-15 02:00:00,0.60979575
2025-10-15 03:00:00,0.4496534
2025-10-15 04:00:00,0.25796145
2025-10-15 05:00:00,0.096936904
2025-10-15 06:00:00,-0.023536174
2025-10-15 07:00:00,-0.11831211
2025-10-15 08:00:00,-0.17980689
2025-10-15 09:00:00,-0.15199497
2025-10-15 10:00:00,0.095371075
2025-10-15 11:00:00,0.39251074
2025-10-15 12:00:00,0.53663814
2025-10-15 13:00:00,0.5757424
2025-10-15 14:00:00,0.5454787
2025-10-15 15:00:00,0.44887373
2025-10-15 16:00:00,0.2749508
2025-10-15 17:00:00,0.09907292
2025-10-15 18:00:00,-0.033587225
2025-10-15 19:00:00,-0.1204874
2025-10-15 20:00:00,-0.16588141
2025-10-15 21:00:00,-0.13791299
2025-10-15 22:00:00,0.081541836
2025-10-15 23:00:00,0.41543448
2025-10-16 00:00:00,0.64868885
2025-10-16 01:00:00,0.7612561
2025-10-16 02:00:00,0.7845406
2025-10-16 03:00:00,0.72431356
2025-10-16 04:00:00,0.54491174
2025-10-16 05:00:00,0.3110751
2025-10-16 06:00:00,0.12487499
2025-10-16 07:00:00,-0.016237967
2025-10-16 08:00:00,-0.12499454
2025-10-16 09:00:00,-0.20888196
2025-10-16 10:00:00,-0.222646
2025-10-16 11:00:00,0.018105911
2025-10-16 12:00:00,0.40715802
2025-10-16 13:00:00,0.6223582
2025-10-16 14:00:00,0.7073299
2025-10-16 15:00:00,0.7047099
2025-10-16 16:00:00,0.61098886
2025-10-16 17:00:00,0.39512262
2025-10-16 18:00:00,0.18108188
2025-10-16 19:00:00,0.022649808
2025-10-16 20:00:00,-0.08991333
2025-10-16 21:00:00,-0.17273012
2025-10-16 22:00:00,-0.19854742
2025-10-16 23:00:00,-0.030002465
2025-10-17 00:00:00,0.37702093
2025-10-17 01:00:00,0.67891115
2025-10-17 02:00:00,0.8328696
2025-10-17 03:00:00,0.8681385
2025-10-17 04:00:00,0.7908243
2025-10-17 05:00:00,0.56118023
2025-10-17 06:00:00,0.29833984
2025-10-17 07:00:00,0.10250259
2025-10-17 08:00:00,-0.042419873
2025-10-17 09:00:00,-0.16035935
2025-10-17 10:00:00,-0.25167513
2025-10-17 11:00:00,-0.2564238
2025-10-17 12:00:00,0.07156343
2025-10-17 13:00:00,0.5009765
2025-10-17 14:00:00,0.7388081
2025-10-17 15:00:00,0.8441591
2025-10-17 16:00:00,0.83930093
2025-10-17 17:00:00,0.69445336
2025-10-17 18:00:00,0.41764483
2025-10-17 19:00:00,0.18256788
2025-10-17 20:00:00,0.01572446
2025-10-17 21:00:00,-0.10124354
2025-10-17 22:00:00,-0.19782248
2025-10-17 23:00:00,-0.23497987
2025-10-18 00:00:00,-0.02475543
2025-10-18 01:00:00,0.4451049
2025-10-18 02:00:00,0.75927067
2025-10-18 03:00:00,0.9059853
2025-10-18 04:00:00,0.9255621
2025-10-18 05:00:00,0.80445516
2025-10-18 06:00:00,0.50863737
2025-10-18 07:00:00,0.24031627
2025-10-18 08:00:00,0.053609543
2025-10-18 09:00:00,-0.086937964
2025-10-18 10:00:00,-0.20342608
2025-10-18 11:00:00,-0.2880904
2025-10-18 12:00:00,-0.20932041
2025-10-18 13:00:00,0.2764603
2025-10-18 14:00:00,0.68818986
2025-10-18 15:00:00,0.90541923
2025-10-18 16:00:00,0.9864628
2025-10-18 17:00:00,0.9409078
2025-10-18 18:00:00,0.7158524
2025-10-18 19:00:00,0.39628035
2025-10-18 20:00:00,0.16990359
2025-10-18 21:00:00,0.008094995
2025-10-18 22:00:00,-0.11301062
2025-10-18 23:00:00,-0.21388777
2025-10-19 00:00:00,-0.23276597
2025-10-19 01:00:00,0.13454403
2025-10-19 02:00:00,0.63626504
2025-10-19 03:00:00,0.9028883
2025-10-19 04:00:00,0.99994886
2025-10-19 05:00:00,0.9509334
2025-10-19 06:00:00,0.7210688
2025-10-19 07:00:00,0.38856992
2025-10-19 08:00:00,0.15998729
2025-10-19 09:00:00,-0.005008003
2025-10-19 10:00:00,-0.13635388
2025-10-19 11:00:00,-0.24954005
2025-10-19 12:00:00,-0.30949786
2025-10-19 13:00:00,-0.050026987
2025-10-19 14:00:00,0.50939155
2025-10-19 15:00:00,0.86562103
2025-10-19 16:00:00,1.0420531
2025-10-19 17:00:00,1.0776495
2025-10-19 18:00:00,0.9435616
